111q1,q2,qwerty3
dasa1,a2,aadsa3
asdsadx1,x2,xasds3
sdv1,v2,vsds3
sfdb1,b2,bsd3
wewen1,n2,ndf2
234c1,c2,csd3
234k1,k2,ksd3
asdm1,m2,msf3
sdfm1,m2,msf3
adst1,t2,tsd3
asdd1,d2,dsd3
gfgfr1,r2,rsad3
111q1,q2,qwerty3
dasa1,a2,aadsa3
asdsadx1,x2,xasds3
sdv1,v2,vsds3
sfdb1,b2,bsd3
wewen1,n2,ndf2
234c1,c2,csd3
234k1,k2,ksd3
asdm1,m2,msf3
sdfm1,m2,msf3
adst1,t2,tsd3
asdd1,d2,dsd3
gfgfr1,r2,rsad3
111q1,q2,qwerty3
dasa1,a2,aadsa3
asdsadx1,x2,xasds3
sdv1,v2,vsds3
sfdb1,b2,bsd3
wewen1,n2,ndf2
234c1,c2,csd3
234k1,k2,ksd3
asdm1,m2,msf3
sdfm1,m2,msf3
adst1,t2,tsd3
asdd1,d2,dsd3
gfgfr1,r2,rsad3
111q1,q2,qwerty3
dasa1,a2,aadsa3
asdsadx1,x2,xasds3
sdv1,v2,vsds3
sfdb1,b2,bsd3
wewen1,n2,ndf2
234c1,c2,csd3
234k1,k2,ksd3
asdm1,m2,msf3
sdfm1,m2,msf3
adst1,t2,tsd3
asdd1,d2,dsd3
gfgfr1,r2,rsad3
111q1,q2,qwerty3
dasa1,a2,aadsa3
asdsadx1,x2,xasds3
sdv1,v2,vsds3
sfdb1,b2,bsd3
wewen1,n2,ndf2
234c1,c2,csd3
234k1,k2,ksd3
asdm1,m2,msf3
sdfm1,m2,msf3
adst1,t2,tsd3
asdd1,d2,dsd3
gfgfr1,r2,rsad3
